id,y
10001,5
10002,111
10003,171
10004,45
10005,51
10006,18
10007,56
10008,17
10009,0
10010,9
10011,57
10012,175
10013,69
10014,12
10015,15
10016,36
10017,102
10018,17
10019,151
10020,102
10021,0
10022,81
10023,51
10024,79
10025,17
10026,102
10027,42
10028,56
10029,40
10030,42
10031,1
10032,44
10033,6
10034,44
10035,85
10036,0
10037,68
10038,17
10039,34
10040,5
10041,1
10042,50
10043,0
10044,11
10045,12
10046,102
10047,116
10048,71
10049,24
10050,196
10051,45
10052,17
10053,26
10054,10
10055,42
10056,5
10057,113
10058,11
10059,44
10060,17
10061,68
10062,25
10063,40
10064,17
10065,57
10066,0
10067,127
10068,79
10069,148
10070,54
10071,49
10072,81
10073,93
10074,111
10075,44
10076,45
10077,0
10078,21
10079,108
10080,121
10081,84
10082,56
10083,18
10084,57
10085,1
10086,45
10087,53
10088,121
10089,11
10090,44
10091,45
10092,1
10093,108
10094,104
10095,91
10096,78
10097,45
10098,20
10099,104
10100,8
10101,79
10102,3
10103,79
10104,5
10105,0
10106,45
10107,6
10108,0
10109,5
10110,27
10111,6
10112,85
10113,68
10114,1
10115,60
10116,57
10117,6
10118,6
10119,64
10120,51
10121,28
10122,68
10123,45
10124,18
10125,0
10126,20
10127,5
10128,0
10129,54
10130,44
10131,104
10132,26
10133,81
10134,0
10135,64
10136,0
10137,12
10138,34
10139,0
10140,113
10141,17
10142,5
10143,1
10144,5
10145,34
10146,31
10147,8
10148,18
10149,1
10150,43
10151,141
10152,40
10153,23
10154,42
10155,34
10156,45
10157,79
10158,50
10159,5
10160,3
10161,34
10162,5
10163,13
10164,49
10165,20
10166,139
10167,44
10168,58
10169,96
10170,27
10171,17
10172,45
10173,57
10174,0
10175,34
10176,78
10177,3
10178,56
10179,91
10180,5
10181,209
10182,22
10183,0
10184,1
10185,142
10186,55
10187,2
10188,61
10189,79
10190,24
10191,20
10192,50
10193,154
10194,57
10195,11
10196,85
10197,39
10198,42
10199,35
10200,0
10201,43
10202,36
10203,6
10204,12
10205,68
10206,78
10207,45
10208,124
10209,56
10210,3
10211,141
10212,57
10213,36
10214,6
10215,2
10216,102
10217,0
10218,15
10219,18
10220,79
10221,163
10222,22
10223,45
10224,44
10225,36
10226,24
10227,1
10228,79
10229,117
10230,124
10231,40
10232,68
10233,85
10234,71
10235,0
10236,18
10237,34
10238,10
10239,5
10240,108
10241,110
10242,27
10243,105
10244,5
10245,28
10246,68
10247,6
10248,24
10249,40
10250,6
10251,11
10252,126
10253,86
10254,12
10255,71
10256,20
10257,5
10258,79
10259,156
10260,141
10261,27
10262,24
10263,95
10264,12
10265,85
10266,154
10267,57
10268,20
10269,163
10270,6
10271,96
10272,81
10273,13
10274,105
10275,34
10276,2
10277,56
10278,5
10279,0
10280,3
10281,3
10282,34
10283,156
10284,68
10285,163
10286,142
10287,6
10288,1
10289,1
10290,69
10291,54
10292,42
10293,24
10294,6
10295,22
10296,17
10297,26
10298,54
10299,119
10300,1
10301,3
10302,192
10303,113
10304,57
10305,17
10306,40
10307,35
10308,15
10309,85
10310,56
10311,3
10312,108
10313,18
10314,33
10315,225
10316,57
10317,0
10318,69
10319,6
10320,5
10321,225
10322,40
10323,24
10324,71
10325,3
10326,2
10327,1
10328,56
10329,126
10330,2
10331,61
10332,11
10333,79
10334,39
10335,2
10336,5
10337,3
10338,20
10339,196
10340,50
10341,7
10342,164
10343,116
10344,68
10345,23
10346,45
10347,172
10348,69
10349,110
10350,139
10351,45
10352,40
10353,71
10354,44
10355,49
10356,5
10357,119
10358,0
10359,57
10360,163
10361,38
10362,6
10363,25
10364,3
10365,5
10366,17
10367,3
10368,24
10369,62
10370,5
10371,53
10372,3
10373,182
10374,69
10375,21
10376,8
10377,3
10378,56
10379,1
10380,57
10381,0
10382,82
10383,34
10384,206
10385,54
10386,102
10387,56
10388,9
10389,73
10390,24
10391,5
10392,0
10393,66
10394,68
10395,52
10396,41
10397,5
10398,56
10399,18
10400,45
10401,5
10402,68
10403,5
10404,34
10405,20
10406,45
10407,39
10408,142
10409,104
10410,0
10411,84
10412,1
10413,24
10414,0
10415,2
10416,0
10417,78
10418,15
10419,6
10420,27
10421,164
10422,50
10423,61
10424,142
10425,1
10426,0
10427,104
10428,17
10429,104
10430,6
10431,56
10432,5
10433,68
10434,0
10435,57
10436,56
10437,1
10438,56
10439,20
10440,0
10441,42
10442,51
10443,68
10444,56
10445,0
10446,69
10447,0
10448,56
10449,49
10450,0
10451,171
10452,6
10453,42
10454,6
10455,56
10456,57
10457,24
10458,156
10459,26
10460,5
10461,2
10462,52
10463,111
10464,71
10465,62
10466,40
10467,68
10468,3
10469,45
10470,5
10471,127
10472,38
10473,5
10474,17
10475,59
10476,56
10477,39
10478,26
10479,6
10480,1
10481,0
10482,6
10483,68
10484,113
10485,22
10486,9
10487,21
10488,0
10489,6
10490,6
10491,45
10492,45
10493,56
10494,56
10495,39
10496,1
10497,45
10498,5
10499,57
10500,44
10501,69
10502,45
10503,104
10504,5
10505,122
10506,2
10507,79
10508,0
10509,1
10510,11
10511,61
10512,61
10513,45
10514,217
10515,33
10516,0
10517,0
10518,11
10519,17
10520,54
10521,66
10522,1
10523,43
10524,56
10525,85
10526,218
10527,111
10528,10
10529,3
10530,57
10531,5
10532,104
10533,17
10534,40
10535,54
10536,126
10537,79
10538,78
10539,1
10540,9
10541,1
10542,59
10543,163
10544,0
10545,229
10546,54
10547,130
10548,0
10549,68
10550,79
10551,5
10552,1
10553,6
10554,45
10555,209
10556,81
10557,17
10558,126
10559,126
10560,1
10561,43
10562,54
10563,0
10564,73
10565,57
10566,3
10567,24
10568,36
10569,42
10570,173
10571,206
10572,181
10573,45
10574,21
10575,3
10576,171
10577,90
10578,1
10579,5
10580,17
10581,79
10582,79
10583,11
10584,3
10585,44
10586,78
10587,56
10588,79
10589,50
10590,2
10591,21
10592,45
10593,93
10594,0
10595,44
10596,107
10597,119
10598,1
10599,57
10600,90
10601,45
10602,56
10603,68
10604,79
10605,17
10606,3
10607,11
10608,102
10609,49
10610,72
10611,9
10612,79
10613,17
10614,148
10615,110
10616,21
10617,20
10618,24
10619,1
10620,5
10621,2
10622,45
10623,0
10624,139
10625,2
10626,10
10627,0
10628,79
10629,159
10630,5
10631,5
10632,163
10633,17
10634,10
10635,17
10636,0
10637,5
10638,11
10639,50
10640,68
10641,5
10642,5
10643,1
10644,81
10645,12
10646,200
10647,1
10648,31
10649,139
10650,126
10651,8
10652,0
10653,56
10654,0
10655,39
10656,5
10657,2
10658,163
10659,5
10660,81
10661,142
10662,21
10663,3
10664,84
10665,196
10666,6
10667,5
10668,68
10669,50
10670,6
10671,0
10672,23
10673,49
10674,18
10675,44
10676,168
10677,1
10678,38
10679,84
10680,5
10681,17
10682,57
10683,47
10684,24
10685,81
10686,5
10687,1
10688,2
10689,211
10690,0
10691,113
10692,206
10693,5
10694,20
10695,111
10696,34
10697,40
10698,5
10699,0
10700,12
10701,18
10702,79
10703,113
10704,12
10705,24
10706,110
10707,5
10708,0
10709,45
10710,0
10711,24
10712,83
10713,3
10714,156
10715,42
10716,71
10717,22
10718,50
10719,57
10720,126
10721,68
10722,71
10723,139
10724,43
10725,57
10726,40
10727,56
10728,34
10729,54
10730,6
10731,9
10732,22
10733,107
10734,5
10735,18
10736,142
10737,12
10738,1
10739,77
10740,44
10741,22
10742,57
10743,104
10744,207
10745,5
10746,15
10747,163
10748,51
10749,90
10750,22
10751,42
10752,40
10753,45
10754,25
10755,26
10756,2
10757,102
10758,241
10759,17
10760,18
10761,18
10762,68
10763,23
10764,81
10765,17
10766,34
10767,27
10768,106
10769,0
10770,6
10771,68
10772,1
10773,10
10774,45
10775,60
10776,2
10777,85
10778,1
10779,1
10780,63
10781,5
10782,17
10783,6
10784,0
10785,209
10786,57
10787,12
10788,124
10789,42
10790,90
10791,23
10792,0
10793,57
10794,17
10795,56
10796,1
10797,52
10798,17
10799,148
10800,49
10801,57
10802,1
10803,79
10804,11
10805,60
10806,57
10807,68
10808,164
10809,68
10810,34
10811,68
10812,6
10813,56
10814,5
10815,0
10816,34
10817,116
10818,142
10819,30
10820,3
10821,116
10822,17
10823,17
10824,21
10825,0
10826,86
10827,88
10828,5
10829,168
10830,81
10831,42
10832,68
10833,56
10834,104
10835,79
10836,44
10837,90
10838,60
10839,12
10840,17
10841,17
10842,9
10843,68
10844,43
10845,79
10846,13
10847,0
10848,3
10849,164
10850,5
10851,73
10852,3
10853,142
10854,68
10855,8
10856,40
10857,34
10858,38
10859,1
10860,6
10861,102
10862,9
10863,0
10864,12
10865,24
10866,78
10867,53
10868,3
10869,5
10870,68
10871,25
10872,43
10873,18
10874,24
10875,0
10876,11
10877,68
10878,0
10879,0
10880,81
10881,5
10882,5
10883,20
10884,56
10885,1
10886,56
10887,2
10888,163
10889,3
10890,5
10891,21
10892,40
10893,35
10894,142
10895,1
10896,129
10897,57
10898,40
10899,45
10900,57
10901,139
10902,0
10903,56
10904,55
10905,0
10906,196
10907,45
10908,24
10909,1
10910,108
10911,4
10912,1
10913,1
10914,1
10915,89
10916,163
10917,24
10918,85
10919,206
10920,45
10921,50
10922,3
10923,164
10924,57
10925,69
10926,86
10927,36
10928,114
10929,104
10930,71
10931,45
10932,1
10933,45
10934,6
10935,212
10936,39
10937,102
10938,2
10939,5
10940,172
10941,1
10942,24
10943,54
10944,17
10945,18
10946,1
10947,190
10948,117
10949,218
10950,73
10951,30
10952,10
10953,206
10954,45
10955,34
10956,0
10957,1
10958,72
10959,69
10960,17
10961,79
10962,45
10963,173
10964,45
10965,0
10966,5
10967,71
10968,56
10969,34
10970,116
10971,79
10972,93
10973,5
10974,1
10975,68
10976,45
10977,3
10978,36
10979,5
10980,80
10981,111
10982,1
10983,126
10984,40
10985,20
10986,57
10987,105
10988,38
10989,17
10990,0
10991,23
10992,1
10993,42
10994,44
10995,0
10996,55
10997,57
10998,6
10999,84
11000,105
11001,68
11002,0
11003,9
11004,44
11005,181
11006,34
11007,22
11008,47
11009,62
11010,0
11011,124
11012,0
11013,0
11014,27
11015,56
11016,54
11017,25
11018,33
11019,22
11020,45
11021,5
11022,89
11023,44
11024,1
11025,121
11026,2
11027,30
11028,82
11029,68
11030,1
11031,3
11032,33
11033,90
11034,0
11035,68
11036,10
11037,6
11038,90
11039,33
11040,56
11041,79
11042,45
11043,39
11044,56
11045,28
11046,116
11047,17
11048,20
11049,121
11050,68
11051,110
11052,13
11053,56
11054,0
11055,42
11056,68
11057,56
11058,3
11059,50
11060,0
11061,34
11062,24
11063,17
11064,18
11065,56
11066,40
11067,57
11068,23
11069,56
11070,6
11071,51
11072,1
11073,27
11074,164
11075,126
11076,66
11077,40
11078,56
11079,81
11080,163
11081,26
11082,6
11083,102
11084,108
11085,38
11086,142
11087,163
11088,66
11089,54
11090,57
11091,24
11092,91
11093,1
11094,111
11095,45
11096,68
11097,0
11098,0
11099,66
11100,124
11101,18
11102,36
11103,68
11104,86
11105,30
11106,90
11107,116
11108,10
11109,1
11110,42
11111,0
11112,239
11113,17
11114,57
11115,2
11116,56
11117,5
11118,21
11119,3
11120,18
11121,5
11122,163
11123,21
11124,45
11125,2
11126,27
11127,6
11128,15
11129,0
11130,30
11131,72
11132,54
11133,2
11134,1
11135,15
11136,10
11137,1
11138,5
11139,24
11140,1
11141,24
11142,45
11143,34
11144,0
11145,5
11146,9
11147,198
11148,21
11149,1
11150,42
11151,1
11152,49
11153,9
11154,79
11155,1
11156,17
11157,57
11158,62
11159,5
11160,40
11161,20
11162,171
11163,57
11164,132
11165,183
11166,0
11167,1
11168,12
11169,45
11170,5
11171,1
11172,79
11173,214
11174,6
11175,6
11176,126
11177,73
11178,79
11179,1
11180,116
11181,95
11182,102
11183,5
11184,24
11185,68
11186,36
11187,1
11188,1
11189,9
11190,42
11191,10
11192,71
11193,0
11194,139
11195,8
11196,164
11197,47
11198,6
11199,91
11200,5
11201,170
11202,84
11203,89
11204,12
11205,1
11206,1
11207,1
11208,52
11209,22
11210,45
11211,10
11212,3
11213,5
11214,17
11215,5
11216,166
11217,44
11218,5
11219,1
11220,84
11221,17
11222,1
11223,104
11224,68
11225,71
11226,10
11227,0
11228,107
11229,1
11230,0
11231,34
11232,34
11233,2
11234,54
11235,42
11236,230
11237,56
11238,6
11239,1
11240,86
11241,1
11242,5
11243,1
11244,1
11245,54
11246,17
11247,23
11248,142
11249,111
11250,1
11251,36
11252,28
11253,102
11254,25
11255,102
11256,68
11257,42
11258,71
11259,5
11260,5
11261,21
11262,5
11263,90
11264,3
11265,85
11266,61
11267,6
11268,173
11269,72
11270,79
11271,40
11272,3
11273,39
11274,0
11275,0
11276,45
11277,110
11278,45
11279,5
11280,55
11281,0
11282,5
11283,68
11284,79
11285,127
11286,62
11287,57
11288,84
11289,84
11290,8
11291,111
11292,0
11293,114
11294,56
11295,57
11296,10
11297,27
11298,0
11299,91
11300,10
11301,128
11302,30
11303,6
11304,24
11305,76
11306,38
11307,10
11308,68
11309,114
11310,6
11311,39
11312,0
11313,68
11314,17
11315,1
11316,102
11317,0
11318,1
11319,5
11320,175
11321,23
11322,220
11323,85
11324,79
11325,11
11326,96
11327,24
11328,4
11329,23
11330,20
11331,3
11332,17
11333,230
11334,73
11335,56
11336,6
11337,21
11338,17
11339,37
11340,1
11341,147
11342,20
11343,17
11344,42
11345,126
11346,24
11347,45
11348,34
11349,11
11350,209
11351,18
11352,113
11353,1
11354,1
11355,44
11356,64
11357,0
11358,69
11359,164
11360,56
11361,69
11362,56
11363,5
11364,0
11365,206
11366,56
11367,5
11368,56
11369,36
11370,1
11371,5
11372,17
11373,159
11374,116
11375,36
11376,6
11377,1
11378,93
11379,10
11380,102
11381,0
11382,2
11383,57
11384,86
11385,218
11386,209
11387,55
11388,18
11389,40
11390,90
11391,170
11392,44
11393,104
11394,62
11395,0
11396,54
11397,0
11398,6
11399,39
11400,3
11401,96
11402,88
11403,10
11404,50
11405,42
11406,56
11407,0
11408,1
11409,66
11410,57
11411,28
11412,71
11413,56
11414,30
11415,45
11416,5
11417,20
11418,1
11419,57
11420,119
11421,3
11422,23
11423,3
11424,3
11425,89
11426,79
11427,1
11428,42
11429,6
11430,56
11431,56
11432,34
11433,215
11434,68
11435,10
11436,56
11437,6
11438,6
11439,57
11440,34
11441,45
11442,20
11443,2
11444,7
11445,44
11446,27
11447,1
11448,50
11449,45
11450,24
11451,8
11452,17
11453,0
11454,126
11455,5
11456,24
11457,71
11458,163
11459,38
11460,0
11461,40
11462,33
11463,23
11464,66
11465,17
11466,27
11467,1
11468,197
11469,69
11470,68
11471,42
11472,3
11473,45
11474,17
11475,5
11476,57
11477,209
11478,5
11479,0
11480,40
11481,45
11482,209
11483,17
11484,93
11485,5
11486,54
11487,42
11488,0
11489,5
11490,141
11491,68
11492,148
11493,20
11494,0
11495,113
11496,18
11497,56
11498,137
11499,31
11500,52
11501,2
11502,24
11503,57
11504,44
11505,22
11506,17
11507,5
11508,35
11509,38
11510,18
11511,21
11512,78
11513,5
11514,28
11515,0
11516,14
11517,34
11518,126
11519,51
11520,17
11521,34
11522,42
11523,90
11524,20
11525,6
11526,17
11527,3
11528,44
11529,1
11530,6
11531,45
11532,20
11533,13
11534,68
11535,78
11536,47
11537,43
11538,1
11539,68
11540,20
11541,57
11542,0
11543,42
11544,55
11545,14
11546,6
11547,61
11548,79
11549,20
11550,21
11551,22
11552,68
11553,124
11554,22
11555,39
11556,1
11557,11
11558,2
11559,28
11560,114
11561,9
11562,3
11563,1
11564,68
11565,61
11566,57
11567,25
11568,139
11569,1
11570,217
11571,3
11572,84
11573,159
11574,2
11575,163
11576,23
11577,56
11578,127
11579,126
11580,44
11581,102
11582,22
11583,3
11584,40
11585,2
11586,1
11587,54
11588,27
11589,2
11590,42
11591,22
11592,30
11593,5
11594,205
11595,104
11596,58
11597,6
11598,78
11599,20
11600,18
11601,11
11602,57
11603,104
11604,53
11605,1
11606,0
11607,68
11608,5
11609,0
11610,20
11611,17
11612,102
11613,17
11614,23
11615,45
11616,1
11617,0
11618,44
11619,39
11620,57
11621,45
11622,68
11623,0
11624,0
11625,126
11626,79
11627,56
11628,57
11629,34
11630,54
11631,94
11632,5
11633,5
11634,1
11635,22
11636,45
11637,207
11638,22
11639,17
11640,57
11641,10
11642,57
11643,0
11644,6
11645,40
11646,24
11647,45
11648,221
11649,1
11650,45
11651,24
11652,68
11653,61
11654,22
11655,57
11656,43
11657,5
11658,171
11659,1
11660,14
11661,0
11662,68
11663,24
11664,113
11665,17
11666,45
11667,45
11668,5
11669,42
11670,6
11671,182
11672,5
11673,45
11674,64
11675,2
11676,45
11677,1
11678,78
11679,1
11680,27
11681,27
11682,36
11683,50
11684,3
11685,24
11686,42
11687,93
11688,41
11689,1
11690,69
11691,56
11692,45
11693,1
11694,60
11695,68
11696,57
11697,24
11698,73
11699,20
11700,139
11701,0
11702,22
11703,38
11704,22
11705,0
11706,83
11707,45
11708,5
11709,7
11710,0
11711,45
11712,27
11713,57
11714,44
11715,42
11716,44
11717,43
11718,30
11719,84
11720,49
11721,85
11722,218
11723,24
11724,57
11725,164
11726,34
11727,0
11728,69
11729,57
11730,68
11731,44
11732,5
11733,10
11734,1
11735,0
11736,60
11737,6
11738,0
11739,56
11740,17
11741,64
11742,9
11743,36
11744,14
11745,56
11746,17
11747,1
11748,5
11749,198
11750,165
11751,18
11752,54
11753,41
11754,0
11755,27
11756,1
11757,0
11758,44
11759,18
11760,110
11761,18
11762,54
11763,0
11764,17
11765,28
11766,3
11767,45
11768,95
11769,0
11770,17
11771,15
11772,17
11773,116
11774,51
11775,6
11776,33
11777,45
11778,56
11779,40
11780,90
11781,11
11782,95
11783,1
11784,2
11785,69
11786,0
11787,0
11788,40
11789,38
11790,57
11791,68
11792,79
11793,28
11794,1
11795,13
11796,6
11797,26
11798,23
11799,1
11800,2
11801,56
11802,42
11803,54
11804,39
11805,69
11806,40
11807,127
11808,45
11809,139
11810,139
11811,113
11812,20
11813,217
11814,56
11815,17
11816,0
11817,34
11818,6
11819,36
11820,195
11821,69
11822,1
11823,45
11824,1
11825,39
11826,42
11827,15
11828,2
11829,1
11830,116
11831,37
11832,5
11833,105
11834,167
11835,139
11836,44
11837,1
11838,124
11839,6
11840,17
11841,77
11842,6
11843,79
11844,11
11845,78
11846,173
11847,3
11848,40
11849,0
11850,4
11851,23
11852,40
11853,24
11854,23
11855,127
11856,71
11857,6
11858,44
11859,134
11860,24
11861,163
11862,163
11863,5
11864,42
11865,2
11866,110
11867,0
11868,0
11869,33
11870,173
11871,5
11872,27
11873,20
11874,0
11875,56
11876,13
11877,26
11878,49
11879,34
11880,15
11881,121
11882,75
11883,6
11884,84
11885,73
11886,27
11887,24
11888,0
11889,84
11890,50
11891,31
11892,20
11893,68
11894,56
11895,24
11896,5
11897,5
11898,16
11899,5
11900,15
11901,54
11902,77
11903,47
11904,1
11905,6
11906,5
11907,2
11908,60
11909,24
11910,0
11911,56
11912,45
11913,2
11914,1
11915,5
11916,66
11917,26
11918,127
11919,0
11920,1
11921,104
11922,1
11923,121
11924,24
11925,68
11926,17
11927,79
11928,5
11929,9
11930,0
11931,54
11932,5
11933,57
11934,57
11935,0
11936,56
11937,107
11938,0
11939,0
11940,47
11941,39
11942,45
11943,5
11944,126
11945,5
11946,23
11947,17
11948,83
11949,45
11950,1
11951,2
11952,113
11953,196
11954,5
11955,6
11956,45
11957,0
11958,79
11959,6
11960,0
11961,78
11962,5
11963,0
11964,56
11965,10
11966,54
11967,3
11968,49
11969,21
11970,7
11971,23
11972,57
11973,2
11974,22
11975,39
11976,36
11977,6
11978,71
11979,6
11980,5
11981,164
11982,44
11983,5
11984,81
11985,0
11986,45
11987,164
11988,68
11989,45
11990,28
11991,34
11992,38
11993,5
11994,0
11995,79
11996,0
11997,28
11998,111
11999,223
12000,66
12001,61
12002,16
12003,61
12004,24
12005,0
12006,211
12007,68
12008,1
12009,68
12010,49
12011,17
12012,5
12013,34
12014,28
12015,17
12016,1
12017,6
12018,22
12019,54
12020,11
12021,6
12022,22
12023,61
12024,45
12025,10
12026,0
12027,1
12028,85
12029,139
12030,1
12031,17
12032,0
12033,28
12034,0
12035,53
12036,104
12037,102
12038,5
12039,68
12040,1
12041,15
12042,56
12043,15
12044,131
12045,126
12046,0
12047,132
12048,79
12049,57
12050,198
12051,45
12052,0
12053,5
12054,68
12055,1
12056,22
12057,5
12058,41
12059,56
12060,121
12061,45
12062,27
12063,60
12064,20
12065,6
12066,147
12067,126
12068,5
12069,68
12070,57
12071,2
12072,69
12073,45
12074,17
12075,85
12076,24
12077,17
12078,25
12079,5
12080,20
12081,0
12082,20
12083,2
12084,0
12085,17
12086,20
12087,79
12088,54
12089,10
12090,11
12091,44
12092,5
12093,27
12094,69
12095,68
12096,1
12097,171
12098,0
12099,2
12100,0
12101,20
12102,50
12103,23
12104,36
12105,11
12106,5
12107,23
12108,5
12109,20
12110,141
12111,30
12112,206
12113,121
12114,17
12115,5
12116,0
12117,91
12118,17
12119,45
12120,17
12121,2
12122,107
12123,44
12124,67
12125,3
12126,34
12127,54
12128,56
12129,5
12130,5
12131,104
12132,41
12133,24
12134,217
12135,68
12136,68
12137,56
12138,2
12139,39
12140,26
12141,128
12142,0
12143,42
12144,45
12145,60
12146,5
12147,42
12148,5
12149,61
12150,163
12151,34
12152,0
12153,63
12154,42
12155,11
12156,0
12157,18
12158,1
12159,104
12160,79
12161,0
12162,57
12163,1
12164,85
12165,34
12166,68
12167,69
12168,1
12169,24
12170,142
12171,1
12172,163
12173,38
12174,173
12175,22
12176,84
12177,62
12178,3
12179,17
12180,105
12181,2
12182,45
12183,56
12184,1
12185,0
12186,175
12187,33
12188,45
12189,3
12190,102
12191,45
12192,78
12193,24
12194,20
12195,86
12196,3
12197,0
12198,57
12199,164
12200,0
12201,54
12202,71
12203,0
12204,0
12205,150
12206,57
12207,5
12208,183
12209,1
12210,34
12211,3
12212,36
12213,126
12214,10
12215,3
12216,34
12217,42
12218,34
12219,113
12220,5
12221,6
12222,51
12223,0
12224,84
12225,78
12226,20
12227,11
12228,71
12229,2
12230,17
12231,84
12232,64
12233,11
12234,5
12235,3
12236,10
12237,2
12238,90
12239,45
12240,2
12241,34
12242,17
12243,57
12244,44
12245,69
12246,42
12247,5
12248,68
12249,3
12250,5
12251,21
12252,3
12253,57
12254,18
12255,9
12256,121
12257,24
12258,57
12259,57
12260,22
12261,43
12262,38
12263,30
12264,79
12265,25
12266,27
12267,1
12268,13
12269,45
12270,69
12271,5
12272,28
12273,44
12274,17
12275,60
12276,17
12277,2
12278,111
12279,68
12280,40
12281,45
12282,36
12283,56
12284,24
12285,2
12286,3
12287,13
12288,71
12289,39
12290,59
12291,6
12292,5
12293,43
12294,1
12295,6
12296,0
12297,21
12298,33
12299,68
12300,45
12301,53
12302,5
12303,84
12304,53
12305,156
12306,3
12307,35
12308,56
12309,60
12310,5
12311,56
12312,69
12313,0
12314,43
12315,0
12316,127
12317,0
12318,56
12319,56
12320,3
12321,168
12322,197
12323,44
12324,68
12325,79
12326,17
12327,2
12328,45
12329,5
12330,5
12331,0
12332,206
12333,2
12334,1
12335,68
12336,48
12337,121
12338,1
12339,1
12340,221
12341,5
12342,68
12343,90
12344,5
12345,12
12346,0
12347,22
12348,206
12349,5
12350,34
12351,1
12352,0
12353,57
12354,6
12355,56
12356,102
12357,0
12358,111
12359,17
12360,17
12361,68
12362,50
12363,18
12364,68
12365,2
12366,39
12367,52
12368,15
12369,1
12370,1
12371,34
12372,36
12373,206
12374,0
12375,40
12376,1
12377,51
12378,17
12379,62
12380,0
12381,127
12382,0
12383,102
12384,27
12385,45
12386,44
12387,40
12388,11
12389,45
12390,93
12391,5
12392,164
12393,41
12394,56
12395,6
12396,1
12397,124
12398,20
12399,68
12400,3
12401,79
12402,121
12403,11
12404,34
12405,27
12406,11
12407,163
12408,42
12409,0
12410,81
12411,42
12412,18
12413,0
12414,24
12415,84
12416,0
12417,79
12418,20
12419,34
12420,5
12421,5
12422,3
12423,164
12424,85
12425,22
12426,57
12427,2
12428,102
12429,73
12430,69
12431,22
12432,73
12433,79
12434,179
12435,5
12436,206
12437,25
12438,44
12439,1
12440,45
12441,119
12442,36
12443,11
12444,45
12445,0
12446,85
12447,5
12448,13
12449,0
12450,173
12451,51
12452,17
12453,27
12454,111
12455,163
12456,50
12457,93
12458,39
12459,5
12460,5
12461,11
12462,1
12463,5
12464,10
12465,5
12466,69
12467,20
12468,0
12469,96
12470,17
12471,7
12472,246
12473,5
12474,56
12475,38
12476,22
12477,40
12478,2
12479,0
12480,17
12481,1
12482,0
12483,55
12484,24
12485,4
12486,34
12487,84
12488,9
12489,5
12490,12
12491,6
12492,34
12493,56
12494,3
12495,8
12496,5
12497,20
12498,38
12499,71
12500,5
12501,22
12502,1
12503,1
12504,24
12505,3
12506,17
12507,79
12508,6
12509,0
12510,0
12511,10
12512,121
12513,17
12514,64
12515,24
12516,84
12517,102
12518,10
12519,24
12520,102
12521,1
12522,1
12523,5
12524,113
12525,45
12526,12
12527,5
12528,8
12529,22
12530,165
12531,1
12532,0
12533,79
12534,5
12535,34
12536,38
12537,54
12538,18
12539,2
12540,206
12541,200
12542,5
12543,54
12544,20
12545,85
12546,42
12547,21
12548,6
12549,50
12550,0
12551,0
12552,40
12553,142
12554,40
12555,36
12556,17
12557,1
12558,91
12559,56
12560,56
12561,50
12562,0
12563,44
12564,79
12565,0
12566,13
12567,35
12568,86
12569,57
12570,93
12571,5
12572,124
12573,79
12574,3
12575,79
12576,5
12577,1
12578,17
12579,163
12580,19
12581,79
12582,110
12583,0
12584,8
12585,0
12586,0
12587,6
12588,84
12589,6
12590,68
12591,43
12592,78
12593,71
12594,49
12595,6
12596,57
12597,50
12598,79
12599,5
12600,0
12601,104
12602,56
12603,168
12604,50
12605,44
12606,126
12607,42
12608,1
12609,17
12610,84
12611,6
12612,0
12613,43
12614,69
12615,45
12616,1
12617,39
12618,20
12619,12
12620,40
12621,45
12622,78
12623,35
12624,73
12625,17
12626,45
12627,112
12628,0
12629,84
12630,3
12631,24
12632,50
12633,21
12634,0
12635,5
12636,17
12637,68
12638,102
12639,1
12640,1
12641,22
12642,53
12643,44
12644,2
12645,179
12646,30
12647,79
12648,45
12649,68
12650,0
12651,61
12652,2
12653,1
12654,0
12655,0
12656,96
12657,5
12658,142
12659,18
12660,5
12661,24
12662,5
12663,57
12664,1
12665,57
12666,60
12667,34
12668,1
12669,78
12670,57
12671,55
12672,51
12673,28
12674,26
12675,22
12676,195
12677,27
12678,17
12679,66
12680,5
12681,85
12682,81
12683,45
12684,5
12685,22
12686,5
12687,56
12688,2
12689,0
12690,59
12691,71
12692,45
12693,61
12694,114
12695,81
12696,5
12697,24
12698,60
12699,56
12700,0
12701,20
12702,163
12703,85
12704,102
12705,79
12706,1
12707,5
12708,102
12709,5
12710,128
12711,71
12712,0
12713,79
12714,0
12715,39
12716,54
12717,197
12718,111
12719,0
12720,0
12721,1
12722,1
12723,1
12724,211
12725,21
12726,102
12727,42
12728,11
12729,38
12730,2
12731,27
12732,24
12733,16
12734,15
12735,78
12736,61
12737,5
12738,68
12739,7
12740,1
12741,42
12742,0
12743,1
12744,1
12745,57
12746,5
12747,225
12748,89
12749,5
12750,85
12751,40
12752,63
12753,113
12754,17
12755,27
12756,10
12757,61
12758,12
12759,0
12760,9
12761,3
12762,81
12763,175
12764,57
12765,45
12766,3
12767,2
12768,71
12769,1
12770,73
12771,5
12772,0
12773,173
12774,0
12775,6
12776,45
12777,11
12778,68
12779,54
12780,60
12781,3
12782,84
12783,82
12784,45
12785,56
12786,24
12787,55
12788,206
12789,96
12790,33
12791,25
12792,3
12793,206
12794,246
12795,1
12796,1
12797,124
12798,69
12799,68
12800,131
12801,1
12802,2
12803,6
12804,28
12805,57
12806,108
12807,206
12808,79
12809,102
12810,4
12811,5
12812,34
12813,26
12814,43
12815,57
12816,18
12817,0
12818,45
12819,0
12820,5
12821,44
12822,68
12823,1
12824,68
12825,6
12826,21
12827,34
12828,17
12829,79
12830,0
12831,64
12832,30
12833,45
12834,45
12835,39
12836,17
12837,102
12838,42
12839,2
12840,39
12841,1
12842,68
12843,49
12844,5
12845,25
12846,39
12847,51
12848,215
12849,17
12850,59
12851,44
12852,68
12853,22
12854,6
12855,163
12856,57
12857,117
12858,57
12859,5
12860,36
12861,5
12862,50
12863,95
12864,6
12865,18
12866,5
12867,0
12868,45
12869,0
12870,50
12871,5
12872,24
12873,6
12874,139
12875,45
12876,23
12877,68
12878,57
12879,34
12880,225
12881,40
12882,1
12883,0
12884,0
12885,57
12886,44
12887,5
12888,44
12889,44
12890,5
12891,12
12892,41
12893,89
12894,57
12895,68
12896,27
12897,39
12898,21
12899,17
12900,4
12901,5
12902,68
12903,111
12904,57
12905,5
12906,56
12907,50
12908,69
12909,56
12910,57
12911,10
12912,1
12913,2
12914,0
12915,39
12916,5
12917,5
12918,139
12919,0
12920,79
12921,0
12922,44
12923,68
12924,50
12925,51
12926,0
12927,0
12928,1
12929,27
12930,20
12931,10
12932,17
12933,4
12934,42
12935,102
12936,85
12937,60
12938,68
12939,111
12940,221
12941,211
12942,1
12943,17
12944,20
12945,102
12946,105
12947,18
12948,0
12949,68
12950,2
12951,2
12952,24
12953,0
12954,45
12955,61
12956,6
12957,20
12958,20
12959,79
12960,42
12961,5
12962,0
12963,50
12964,3
12965,55
12966,42
12967,44
12968,15
12969,6
12970,73
12971,68
12972,6
12973,0
12974,5
12975,13
12976,17
12977,82
12978,57
12979,1
12980,17
12981,10
12982,17
12983,34
12984,5
12985,42
12986,79
12987,91
12988,22
12989,28
12990,71
12991,77
12992,5
12993,17
12994,0
12995,11
12996,39
12997,45
12998,45
12999,24
13000,57
13001,173
13002,34
13003,6
13004,43
13005,148
13006,68
13007,14
13008,73
13009,221
13010,105
13011,3
13012,5
13013,20
13014,6
13015,17
13016,2
13017,24
13018,6
13019,79
13020,27
13021,81
13022,23
13023,45
13024,85
13025,54
13026,0
13027,0
13028,127
13029,45
13030,39
13031,38
13032,57
13033,24
13034,40
13035,6
13036,44
13037,2
13038,50
13039,17
13040,6
13041,168
13042,5
13043,0
13044,12
13045,2
13046,17
13047,34
13048,55
13049,25
13050,6
13051,24
13052,0
13053,49
13054,6
13055,5
13056,0
13057,30
13058,6
13059,0
13060,20
13061,1
13062,11
13063,209
13064,34
13065,68
13066,104
13067,60
13068,3
13069,85
13070,45
13071,68
13072,45
13073,1
13074,1
13075,44
13076,24
13077,6
13078,0
13079,6
13080,18
13081,0
13082,18
13083,102
13084,20
13085,69
13086,17
13087,168
13088,24
13089,69
13090,56
13091,2
13092,45
13093,24
13094,1
13095,0
13096,0
13097,79
13098,71
13099,84
13100,19
13101,36
13102,112
13103,0
13104,45
13105,44
13106,68
13107,40
13108,5
13109,84
13110,84
13111,86
13112,17
13113,42
13114,111
13115,0
13116,0
13117,42
13118,113
13119,56
13120,43
13121,8
13122,18
13123,28
13124,79
13125,68
13126,1
13127,15
13128,81
13129,45
13130,23
13131,22
13132,150
13133,40
13134,0
13135,163
13136,0
13137,2
13138,1
13139,51
13140,22
13141,11
13142,28
13143,110
13144,81
13145,163
13146,102
13147,1
13148,102
13149,0
13150,116
13151,3
13152,4
13153,12
13154,24
13155,18
13156,60
13157,27
13158,79
13159,10
13160,111
13161,1
13162,47
13163,27
13164,2
13165,79
13166,5
13167,1
13168,79
13169,7
13170,79
13171,3
13172,189
13173,44
13174,5
13175,44
13176,27
13177,5
13178,1
13179,17
13180,57
13181,2
13182,38
13183,113
13184,200
13185,84
13186,17
13187,0
13188,10
13189,25
13190,179
13191,34
13192,79
13193,44
13194,16
13195,42
13196,5
13197,40
13198,85
13199,24
13200,142
13201,18
13202,61
13203,51
13204,85
13205,50
13206,5
13207,57
13208,2
13209,24
13210,17
13211,12
13212,68
13213,1
13214,142
13215,17
13216,1
13217,1
13218,17
13219,42
13220,79
13221,1
13222,0
13223,20
13224,164
13225,102
13226,6
13227,24
13228,36
13229,105
13230,42
13231,1
13232,17
13233,1
13234,57
13235,0
13236,90
13237,42
13238,22
13239,68
13240,126
13241,25
13242,0
13243,11
13244,126
13245,111
13246,20
13247,36
13248,5
13249,39
13250,79
13251,11
13252,54
13253,22
13254,89
13255,50
13256,84
13257,17
13258,206
13259,171
13260,58
13261,20
13262,25
13263,75
13264,73
13265,45
13266,39
13267,1
13268,0
13269,94
13270,8
13271,18
13272,17
13273,5
13274,164
13275,9
13276,24
13277,18
13278,79
13279,62
13280,11
13281,69
13282,57
13283,23
13284,223
13285,0
13286,20
13287,1
13288,44
13289,0
13290,20
13291,126
13292,141
13293,34
13294,147
13295,139
13296,1
13297,90
13298,6
13299,1
13300,17
13301,20
13302,23
13303,6
13304,141
13305,15
13306,5
13307,5
13308,68
13309,0
13310,2
13311,132
13312,17
13313,10
13314,0
13315,23
13316,0
13317,34
13318,45
13319,0
13320,18
13321,183
13322,79
13323,44
13324,0
13325,20
13326,104
13327,45
13328,68
13329,7
13330,13
13331,108
13332,45
13333,17
13334,1
13335,1
13336,2
13337,1
13338,90
13339,17
13340,43
13341,25
13342,124
13343,93
13344,20
13345,10
13346,126
13347,10
13348,0
13349,0
13350,139
13351,2
13352,4
13353,17
13354,86
13355,21
13356,1
13357,24
13358,56
13359,5
13360,96
13361,51
13362,34
13363,10
13364,24
13365,6
13366,42
13367,107
13368,45
13369,45
13370,20
13371,68
13372,45
13373,206
13374,79
13375,164
13376,84
13377,220
13378,5
13379,40
13380,56
13381,5
13382,17
13383,56
13384,9
13385,66
13386,141
13387,10
13388,102
13389,57
13390,71
13391,5
13392,57
13393,40
13394,51
13395,26
13396,44
13397,5
13398,18
13399,6
13400,42
13401,25
13402,60
13403,0
13404,40
13405,22
13406,56
13407,61
13408,102
13409,2
13410,44
13411,13
13412,5
13413,34
13414,78
13415,159
13416,221
13417,85
13418,20
13419,45
13420,57
13421,14
13422,57
13423,5
13424,104
13425,1
13426,17
13427,0
13428,62
13429,1
13430,1
13431,2
13432,2
13433,57
13434,6
13435,164
13436,17
13437,14
13438,5
13439,68
13440,18
13441,71
13442,81
13443,50
13444,85
13445,163
13446,117
13447,40
13448,33
13449,168
13450,102
13451,1
13452,68
13453,56
13454,56
13455,164
13456,0
13457,17
13458,0
13459,56
13460,34
13461,68
13462,38
13463,6
13464,163
13465,5
13466,68
13467,6
13468,54
13469,68
13470,20
13471,89
13472,102
13473,60
13474,1
13475,127
13476,1
13477,1
13478,24
13479,56
13480,167
13481,113
13482,55
13483,241
13484,1
13485,83
13486,0
13487,247
13488,45
13489,17
13490,28
13491,27
13492,22
13493,45
13494,5
13495,68
13496,26
13497,56
13498,68
13499,0
13500,45
13501,34
13502,12
13503,112
13504,42
13505,126
13506,173
13507,44
13508,78
13509,34
13510,5
13511,24
13512,45
13513,17
13514,18
13515,85
13516,56
13517,56
13518,0
13519,45
13520,57
13521,78
13522,45
13523,5
13524,44
13525,1
13526,42
13527,12
13528,48
13529,1
13530,21
13531,1
13532,1
13533,196
13534,5
13535,5
13536,84
13537,85
13538,1
13539,139
13540,163
13541,127
13542,44
13543,1
13544,44
13545,17
13546,0
13547,45
13548,0
13549,122
13550,102
13551,22
13552,21
13553,10
13554,30
13555,61
13556,57
13557,81
13558,5
13559,2
13560,40
13561,93
13562,173
13563,198
13564,1
13565,45
13566,71
13567,11
13568,116
13569,0
13570,5
13571,45
13572,0
13573,44
13574,5
13575,71
13576,0
13577,1
13578,57
13579,24
13580,1
13581,113
13582,3
13583,57
13584,6
13585,5
13586,56
13587,24
13588,1
13589,50
13590,93
13591,6
13592,68
13593,57
13594,44
13595,24
13596,116
13597,68
13598,45
13599,81
13600,20
13601,5
13602,51
13603,11
13604,0
13605,68
13606,1
13607,20
13608,69
13609,30
13610,68
13611,42
13612,1
13613,121
13614,17
13615,207
13616,39
13617,33
13618,0
13619,196
13620,1
13621,18
13622,0
13623,79
13624,84
13625,50
13626,9
13627,1
13628,108
13629,0
13630,221
13631,102
13632,44
13633,6
13634,0
13635,51
13636,28
13637,17
13638,0
13639,55
13640,5
13641,86
13642,41
13643,89
13644,48
13645,90
13646,17
13647,164
13648,24
13649,84
13650,0
13651,3
13652,89
13653,1
13654,206
13655,44
13656,1
13657,68
13658,5
13659,1
13660,3
13661,0
13662,102
13663,1
13664,5
13665,45
13666,50
13667,6
13668,43
13669,57
13670,163
13671,69
13672,60
13673,124
13674,65
13675,174
13676,0
13677,5
13678,68
13679,9
13680,57
13681,3
13682,69
13683,61
13684,168
13685,68
13686,1
13687,8
13688,5
13689,89
13690,12
13691,9
13692,56
13693,57
13694,5
13695,217
13696,126
13697,1
13698,79
13699,2
13700,3
13701,24
13702,34
13703,196
13704,44
13705,17
13706,23
13707,116
13708,66
13709,206
13710,12
13711,154
13712,3
13713,27
13714,71
13715,17
13716,11
13717,22
13718,12
13719,33
13720,68
13721,36
13722,25
13723,164
13724,0
13725,24
13726,181
13727,197
13728,81
13729,78
13730,45
13731,54
13732,200
13733,6
13734,11
13735,1
13736,199
13737,5
13738,0
13739,42
13740,35
13741,9
13742,0
13743,111
13744,128
13745,45
13746,1
13747,25
13748,38
13749,6
13750,11
13751,0
13752,56
13753,56
13754,121
13755,0
13756,2
13757,50
13758,69
13759,77
13760,66
13761,17
13762,56
13763,13
13764,56
13765,45
13766,6
13767,5
13768,2
13769,21
13770,20
13771,5
13772,45
13773,13
13774,200
13775,0
13776,11
13777,0
13778,138
13779,0
13780,116
13781,44
13782,90
13783,127
13784,57
13785,9
13786,68
13787,126
13788,39
13789,5
13790,47
13791,39
13792,17
13793,1
13794,24
13795,110
13796,1
13797,18
13798,45
13799,33
13800,0
13801,15
13802,121
13803,51
13804,116
13805,57
13806,44
13807,0
13808,36
13809,65
13810,56
13811,91
13812,45
13813,2
13814,34
13815,17
13816,102
13817,23
13818,50
13819,36
13820,17
13821,40
13822,0
13823,5
13824,3
13825,59
13826,17
13827,142
13828,1
13829,24
13830,79
13831,68
13832,0
13833,24
13834,1
13835,42
13836,17
13837,86
13838,5
13839,50
13840,12
13841,177
13842,39
13843,17
13844,56
13845,239
13846,36
13847,0
13848,24
13849,34
13850,10
13851,0
13852,17
13853,10
13854,49
13855,6
13856,39
13857,5
13858,2
13859,17
13860,18
13861,68
13862,0
13863,6
13864,17
13865,5
13866,20
13867,22
13868,133
13869,61
13870,198
13871,1
13872,3
13873,2
13874,44
13875,3
13876,83
13877,128
13878,27
13879,0
13880,54
13881,11
13882,71
13883,1
13884,18
13885,5
13886,102
13887,197
13888,0
13889,54
13890,0
13891,13
13892,11
13893,1
13894,34
13895,200
13896,35
13897,1
13898,56
13899,0
13900,17
13901,110
13902,116
13903,10
13904,68
13905,5
13906,13
13907,18
13908,1
13909,44
13910,22
13911,68
13912,5
13913,68
13914,85
13915,102
13916,68
13917,22
13918,6
13919,5
13920,56
13921,76
13922,38
13923,148
13924,5
13925,22
13926,56
13927,50
13928,51
13929,45
13930,15
13931,45
13932,40
13933,5
13934,57
13935,1
13936,108
13937,2
13938,5
13939,84
13940,164
13941,13
13942,6
13943,1
13944,41
13945,1
13946,3
13947,45
13948,11
13949,54
13950,0
13951,73
13952,40
13953,40
13954,139
13955,57
13956,10
13957,38
13958,3
13959,57
13960,5
13961,45
13962,18
13963,42
13964,0
13965,6
13966,56
13967,79
13968,163
13969,1
13970,20
13971,211
13972,36
13973,34
13974,1
13975,3
13976,68
13977,104
13978,14
13979,17
13980,25
13981,26
13982,18
13983,36
13984,77
13985,50
13986,68
13987,1
13988,120
13989,56
13990,164
13991,6
13992,84
13993,171
13994,2
13995,27
13996,22
13997,69
13998,9
13999,6
14000,42
14001,1
14002,22
14003,44
14004,45
14005,18
14006,164
14007,57
14008,168
14009,36
14010,28
14011,3
14012,1
14013,102
14014,17
14015,81
14016,155
14017,68
14018,42
14019,57
14020,49
14021,1
14022,156
14023,39
14024,61
14025,44
14026,20
14027,34
14028,56
14029,56
14030,26
14031,68
14032,51
14033,42
14034,130
14035,45
14036,182
14037,69
14038,73
14039,30
14040,128
14041,68
14042,171
14043,22
14044,71
14045,18
14046,30
14047,24
14048,84
14049,45
14050,73
14051,102
14052,0
14053,0
14054,24
14055,2
14056,21
14057,6
14058,0
14059,42
14060,0
14061,6
14062,18
14063,0
14064,9
14065,68
14066,64
14067,5
14068,41
14069,5
14070,28
14071,221
14072,39
14073,10
14074,239
14075,124
14076,141
14077,79
14078,1
14079,1
14080,71
14081,56
14082,122
14083,0
14084,20
14085,57
14086,0
14087,68
14088,0
14089,5
14090,10
14091,12
14092,17
14093,124
14094,6
14095,5
14096,43
14097,0
14098,1
14099,53
14100,42
14101,121
14102,5
14103,68
14104,0
14105,22
14106,1
14107,0
14108,17
14109,69
14110,79
14111,45
14112,60
14113,56
14114,0
14115,10
14116,0
14117,17
14118,1
14119,45
14120,1
14121,30
14122,5
14123,68
14124,110
14125,0
14126,17
14127,57
14128,6
14129,71
14130,36
14131,17
14132,73
14133,68
14134,5
14135,18
14136,15
14137,126
14138,5
14139,53
14140,83
14141,22
14142,221
14143,90
14144,104
14145,68
14146,68
14147,64
14148,2
14149,60
14150,78
14151,209
14152,1
14153,22
14154,26
14155,1
14156,42
14157,5
14158,124
14159,111
14160,173
14161,11
14162,0
14163,1
14164,11
14165,27
14166,205
14167,28
14168,84
14169,83
14170,27
14171,117
14172,42
14173,1
14174,116
14175,24
14176,163
14177,117
14178,126
14179,230
14180,0
14181,71
14182,0
14183,69
14184,42
14185,116
14186,40
14187,5
14188,17
14189,44
14190,24
14191,44
14192,3
14193,2
14194,45
14195,40
14196,5
14197,22
14198,5
14199,21
14200,38
14201,163
14202,126
14203,1
14204,121
14205,17
14206,79
14207,6
14208,56
14209,102
14210,5
14211,5
14212,66
14213,5
14214,55
14215,89
14216,79
14217,27
14218,6
14219,203
14220,50
14221,68
14222,113
14223,130
14224,20
14225,5
14226,14
14227,22
14228,5
14229,2
14230,45
14231,43
14232,18
14233,214
14234,1
14235,14
14236,1
14237,6
14238,0
14239,71
14240,24
14241,1
14242,40
14243,40
14244,49
14245,199
14246,0
14247,6
14248,4
14249,0
14250,6
14251,57
14252,5
14253,163
14254,51
14255,44
14256,0
14257,5
14258,218
14259,57
14260,90
14261,23
14262,27
14263,20
14264,6
14265,102
14266,51
14267,95
14268,22
14269,134
14270,20
14271,0
14272,71
14273,40
14274,22
14275,17
14276,81
14277,1
14278,17
14279,42
14280,56
14281,15
14282,139
14283,1
14284,102
14285,54
14286,20
14287,0
14288,24
14289,5
14290,105
14291,54
14292,28
14293,5
14294,85
14295,33
14296,85
14297,38
14298,57
14299,56
14300,68
14301,79
14302,66
14303,45
14304,56
14305,56
14306,79
14307,3
14308,57
14309,34
14310,127
14311,11
14312,0
14313,90
14314,57
14315,50
14316,11
14317,45
14318,166
14319,6
14320,21
14321,21
14322,3
14323,0
14324,56
14325,0
14326,117
14327,20
14328,197
14329,126
14330,0
14331,71
14332,20
14333,0
14334,1
14335,18
14336,79
14337,5
14338,2
14339,45
14340,86
14341,218
14342,25
14343,28
14344,10
14345,6
14346,61
14347,0
14348,60
14349,0
14350,84
14351,12
14352,33
14353,71
14354,23
14355,164
14356,78
14357,1
14358,181
14359,0
14360,79
14361,156
14362,66
14363,20
14364,6
14365,0
14366,42
14367,24
14368,159
14369,5
14370,3
14371,0
14372,41
14373,110
14374,11
14375,60
14376,44
14377,12
14378,84
14379,40
14380,57
14381,45
14382,34
14383,24
14384,56
14385,27
14386,1
14387,40
14388,1
14389,206
14390,203
14391,6
14392,5
14393,0
14394,5
14395,56
14396,56
14397,38
14398,13
14399,5
14400,170
14401,23
14402,57
14403,3
14404,3
14405,5
14406,44
14407,0
14408,38
14409,28
14410,0
14411,42
14412,55
14413,18
14414,45
14415,64
14416,3
14417,102
14418,45
14419,56
14420,34
14421,22
14422,71
14423,107
14424,24
14425,22
14426,111
14427,0
14428,10
14429,56
14430,1
14431,90
14432,1
14433,5
14434,1
14435,12
14436,19
14437,68
14438,5
14439,111
14440,28
14441,21
14442,56
14443,68
14444,5
14445,2
14446,4
14447,56
14448,0
14449,131
14450,0
14451,78
14452,0
14453,1
14454,0
14455,9
14456,68
14457,45
14458,79
14459,78
14460,6
14461,0
14462,206
14463,44
14464,54
14465,5
14466,56
14467,56
14468,47
14469,86
14470,45
14471,79
14472,34
14473,23
14474,209
14475,1
14476,42
14477,5
14478,54
14479,5
14480,15
14481,69
14482,85
14483,56
14484,68
14485,71
14486,36
14487,163
14488,0
14489,1
14490,51
14491,18
14492,17
14493,20
14494,54
14495,209
14496,5
14497,11
14498,13
14499,17
14500,0
14501,5
14502,1
14503,0
14504,14
14505,23
14506,45
14507,0
14508,24
14509,124
14510,9
14511,102
14512,71
14513,141
14514,1
14515,61
14516,217
14517,17
14518,24
14519,20
14520,69
14521,0
14522,3
14523,12
14524,36
14525,104
14526,6
14527,164
14528,159
14529,1
14530,56
14531,18
14532,39
14533,0
14534,21
14535,36
14536,17
14537,81
14538,24
14539,51
14540,17
14541,1
14542,5
14543,18
14544,91
14545,17
14546,91
14547,45
14548,20
14549,44
14550,122
14551,39
14552,45
14553,1
14554,50
14555,45
14556,57
14557,40
14558,17
14559,6
14560,1
14561,57
14562,84
14563,43
14564,211
14565,0
14566,122
14567,11
14568,34
14569,85
14570,17
14571,45
14572,5
14573,0
14574,69
14575,27
14576,27
14577,206
14578,45
14579,39
14580,17
14581,0
14582,1
14583,6
14584,56
14585,1
14586,0
14587,71
14588,68
14589,18
14590,0
14591,164
14592,61
14593,95
14594,68
14595,28
14596,5
14597,27
14598,163
14599,20
14600,11
14601,71
14602,1
14603,206
14604,24
14605,104
14606,5
14607,56
14608,60
14609,6
14610,179
14611,25
14612,64
14613,15
14614,14
14615,34
14616,20
14617,40
14618,104
14619,85
14620,13
14621,102
14622,40
14623,0
14624,45
14625,9
14626,17
14627,5
14628,3
14629,3
14630,40
14631,6
14632,221
14633,17
14634,6
14635,17
14636,57
14637,239
14638,86
14639,1
14640,39
14641,61
14642,11
14643,17
14644,22
14645,5
14646,78
14647,68
14648,56
14649,17
14650,40
14651,17
14652,6
14653,5
14654,9
14655,24
14656,12
14657,110
14658,102
14659,45
14660,79
14661,5
14662,108
14663,1
14664,23
14665,0
14666,0
14667,5
14668,54
14669,207
14670,79
14671,84
14672,0
14673,81
14674,26
14675,69
14676,11
14677,12
14678,2
14679,110
14680,24
14681,5
14682,5
14683,17
14684,25
14685,102
14686,5
14687,17
14688,1
14689,5
14690,128
14691,1
14692,11
14693,86
14694,61
14695,79
14696,6
14697,6
14698,1
14699,42
14700,55
14701,0
14702,22
14703,20
14704,110
14705,27
14706,0
14707,1
14708,172
14709,18
14710,91
14711,26
14712,119
14713,91
14714,21
14715,98
14716,24
14717,159
14718,28
14719,1
14720,18
14721,26
14722,20
14723,30
14724,45
14725,3
14726,5
14727,10
14728,0
14729,206
14730,1
14731,79
14732,42
14733,42
14734,1
14735,0
14736,18
14737,68
14738,79
14739,24
14740,5
14741,105
14742,21
14743,0
14744,57
14745,0
14746,56
14747,5
14748,163
14749,24
14750,1
14751,24
14752,45
14753,68
14754,6
14755,0
14756,139
14757,90
14758,10
14759,17
14760,45
14761,0
14762,0
14763,0
14764,20
14765,5
14766,1
14767,1
14768,57
14769,102
14770,0
14771,11
14772,108
14773,77
14774,17
14775,45
14776,56
14777,57
14778,44
14779,1
14780,45
14781,105
14782,6
14783,1
14784,45
14785,42
14786,113
14787,44
14788,42
14789,121
14790,34
14791,2
14792,43
14793,44
14794,71
14795,81
14796,148
14797,13
14798,0
14799,0
14800,68
14801,1
14802,45
14803,1
14804,40
14805,9
14806,6
14807,10
14808,10
14809,193
14810,0
14811,17
14812,1
14813,22
14814,6
14815,36
14816,79
14817,11
14818,20
14819,57
14820,0
14821,71
14822,5
14823,42
14824,1
14825,24
14826,18
14827,1
14828,0
14829,66
14830,150
14831,0
14832,17
14833,24
14834,28
14835,0
14836,54
14837,18
14838,56
14839,41
14840,0
14841,50
14842,17
14843,30
14844,0
14845,24
14846,57
14847,16
14848,40
14849,71
14850,3
14851,126
14852,45
14853,27
14854,27
14855,85
14856,45
14857,17
14858,79
14859,34
14860,3
14861,69
14862,164
14863,68
14864,34
14865,42
14866,0
14867,66
14868,0
14869,45
14870,71
14871,125
14872,57
14873,0
14874,154
14875,17
14876,166
14877,1
14878,1
14879,20
14880,22
14881,124
14882,95
14883,60
14884,1
14885,56
14886,24
14887,12
14888,0
14889,68
14890,45
14891,59
14892,40
14893,5
14894,42
14895,71
14896,42
14897,165
14898,9
14899,69
14900,6
14901,57
14902,104
14903,199
14904,116
14905,1
14906,18
14907,26
14908,38
14909,1
14910,238
14911,22
14912,6
14913,17
14914,61
14915,44
14916,164
14917,6
14918,57
14919,68
14920,79
14921,79
14922,24
14923,10
14924,57
14925,1
14926,3
14927,126
14928,45
14929,221
14930,14
14931,34
14932,69
14933,54
14934,24
14935,143
14936,69
14937,79
14938,24
14939,40
14940,63
14941,27
14942,76
14943,5
14944,53
14945,104
14946,1
14947,156
14948,104
14949,68
14950,84
14951,40
14952,217
14953,49
14954,23
14955,57
14956,44
14957,6
14958,25
14959,96
14960,102
14961,0
14962,40
14963,45
14964,147
14965,27
14966,102
14967,0
14968,21
14969,22
14970,17
14971,39
14972,62
14973,147
14974,24
14975,114
14976,0
14977,6
14978,121
14979,0
14980,6
14981,17
14982,2
14983,41
14984,163
14985,56
14986,20
14987,22
14988,50
14989,15
14990,17
14991,17
14992,12
14993,36
14994,65
14995,110
14996,5
14997,98
14998,15
14999,0
15000,2
15001,2
15002,142
15003,15
15004,0
15005,45
15006,62
15007,110
15008,68
15009,173
15010,24
15011,102
15012,45
15013,0
15014,9
15015,0
15016,68
15017,132
15018,102
15019,6
15020,36
15021,68
15022,10
15023,5
15024,1
15025,217
15026,164
15027,156
15028,0
15029,45
15030,18
15031,1
15032,45
15033,163
15034,6
15035,45
15036,196
15037,79
15038,68
15039,5
15040,94
15041,1
15042,132
15043,2
15044,45
15045,44
15046,24
15047,5
15048,134
15049,4
15050,13
15051,81
15052,14
15053,28
15054,45
15055,64
15056,1
15057,2
15058,1
15059,5
15060,56
15061,71
15062,51
15063,57
15064,102
15065,9
15066,5
15067,42
15068,10
15069,35
15070,9
15071,17
15072,17
15073,61
15074,0
15075,82
15076,15
15077,13
15078,21
15079,143
15080,1
15081,1
15082,44
15083,6
15084,11
15085,22
15086,142
15087,1
15088,5
15089,171
15090,0
15091,5
15092,57
15093,36
15094,102
15095,63
15096,17
15097,18
15098,26
15099,164
15100,14
15101,24
15102,209
15103,2
15104,147
15105,1
15106,102
15107,26
15108,102
15109,85
15110,22
15111,102
15112,45
15113,79
15114,44
15115,6
15116,56
15117,17
15118,61
15119,5
15120,148
15121,0
15122,45
15123,12
15124,3
15125,56
15126,9
15127,50
15128,3
15129,105
15130,38
15131,1
15132,68
15133,17
15134,0
15135,1
15136,218
15137,51
15138,0
15139,6
15140,11
15141,6
15142,0
15143,156
15144,126
15145,44
15146,45
15147,110
15148,56
15149,6
15150,163
15151,2
15152,17
15153,113
15154,127
15155,17
15156,17
15157,15
15158,0
15159,104
15160,34
15161,45
15162,10
15163,57
15164,3
15165,36
15166,17
15167,17
15168,5
15169,45
15170,26
15171,61
15172,1
15173,56
15174,30
15175,196
15176,206
15177,226
15178,71
15179,18
15180,57
15181,45
15182,5
15183,6
15184,249
15185,5
15186,111
15187,17
15188,2
15189,5
15190,116
15191,3
15192,28
15193,24
15194,26
15195,5
15196,5
15197,102
15198,64
15199,2
15200,12
15201,111
15202,5
15203,156
15204,5
15205,6
15206,122
15207,5
15208,0
15209,52
15210,17
15211,20
15212,154
15213,0
15214,12
15215,0
15216,79
15217,45
15218,17
15219,116
15220,40
15221,45
15222,45
15223,1
15224,60
15225,40
15226,5
15227,1
15228,51
15229,12
15230,17
15231,90
15232,164
15233,22
15234,21
15235,198
15236,45
15237,163
15238,5
15239,51
15240,5
15241,30
15242,65
15243,57
15244,38
15245,85
15246,34
15247,163
15248,1
15249,141
15250,34
15251,1
15252,9
15253,0
15254,22
15255,24
15256,50
15257,0
15258,6
15259,11
15260,18
15261,79
15262,58
15263,56
15264,5
15265,78
15266,2
15267,193
15268,3
15269,199
15270,78
15271,57
15272,81
15273,0
15274,5
15275,5
15276,0
15277,17
15278,44
15279,5
15280,53
15281,121
15282,57
15283,43
15284,6
15285,45
15286,10
15287,1
15288,1
15289,0
15290,39
15291,42
15292,179
15293,17
15294,2
15295,249
15296,82
15297,11
15298,6
15299,68
15300,206
15301,1
15302,69
15303,56
15304,40
15305,0
15306,4
15307,17
15308,1
15309,1
15310,22
15311,0
15312,33
15313,2
15314,0
15315,14
15316,68
15317,164
15318,68
15319,57
15320,1
15321,42
15322,56
15323,3
15324,79
15325,2
15326,57
15327,1
15328,200
15329,52
15330,15
15331,36
15332,17
15333,56
15334,166
15335,44
15336,78
15337,0
15338,5
15339,17
15340,1
15341,5
15342,83
15343,68
15344,45
15345,5
15346,26
15347,3
15348,24
15349,57
15350,173
15351,79
15352,1
15353,62
15354,60
15355,0
15356,12
15357,5
15358,39
15359,6
15360,1
15361,11
15362,142
15363,45
15364,104
15365,39
15366,73
15367,1
15368,40
15369,2
15370,18
15371,7
15372,83
15373,39
15374,165
15375,5
15376,20
15377,5
15378,2
15379,23
15380,68
15381,5
15382,51
15383,12
15384,57
15385,209
15386,164
15387,69
15388,10
15389,126
15390,36
15391,26
15392,57
15393,0
15394,17
15395,39
15396,20
15397,2
15398,116
15399,45
15400,0
15401,207
15402,27
15403,5
15404,40
15405,1
15406,90
15407,24
15408,68
15409,17
15410,17
15411,128
15412,116
15413,6
15414,1
15415,5
15416,1
15417,72
15418,246
15419,55
15420,89
15421,40
15422,105
15423,96
15424,30
15425,93
15426,113
15427,84
15428,0
15429,45
15430,1
15431,39
15432,0
15433,56
15434,24
15435,11
15436,6
15437,102
15438,1
15439,5
15440,41
15441,3
15442,17
15443,163
15444,3
15445,1
15446,9
15447,79
15448,5
15449,5
15450,42
15451,45
15452,1
15453,126
15454,1
15455,2
15456,79
15457,2
15458,76
15459,49
15460,45
15461,0
15462,24
15463,78
15464,17
15465,233
15466,125
15467,36
15468,5
15469,6
15470,42
15471,182
15472,71
15473,17
15474,2
15475,25
15476,10
15477,126
15478,116
15479,1
15480,206
15481,0
15482,3
15483,86
15484,0
15485,0
15486,21
15487,57
15488,24
15489,69
15490,56
15491,1
15492,57
15493,5
15494,68
15495,24
15496,71
15497,79
15498,3
15499,17
15500,3
15501,102
15502,1
15503,48
15504,1
15505,239
15506,0
15507,71
15508,44
15509,165
15510,10
15511,36
15512,139
15513,1
15514,17
15515,56
15516,13
15517,51
15518,56
15519,42
15520,5
15521,1
15522,11
15523,45
15524,68
15525,90
15526,5
15527,116
15528,34
15529,49
15530,44
15531,122
15532,27
15533,51
15534,57
15535,57
15536,55
15537,5
15538,56
15539,1
15540,6
15541,21
15542,1
15543,0
15544,62
15545,5
15546,102
15547,1
15548,51
15549,12
15550,0
15551,18
15552,148
15553,51
15554,17
15555,56
15556,106
15557,34
15558,111
15559,124
15560,1
15561,93
15562,124
15563,24
15564,72
15565,23
15566,124
15567,17
15568,105
15569,34
15570,79
15571,34
15572,5
15573,3
15574,94
15575,197
15576,81
15577,212
15578,50
15579,3
15580,57
15581,69
15582,24
15583,24
15584,162
15585,0
15586,43
15587,42
15588,1
15589,22
15590,17
15591,45
15592,5
15593,5
15594,0
15595,17
15596,54
15597,104
15598,84
15599,163
15600,71
15601,43
15602,0
15603,0
15604,35
15605,0
15606,39
15607,5
15608,22
15609,21
15610,12
15611,36
15612,5
15613,84
15614,20
15615,15
15616,45
15617,17
15618,68
15619,68
15620,45
15621,0
15622,42
15623,84
15624,5
15625,121
15626,30
15627,27
15628,56
15629,42
15630,10
15631,17
15632,31
15633,1
15634,50
15635,95
15636,79
15637,91
15638,5
15639,90
15640,69
15641,5
15642,5
15643,0
15644,126
15645,5
15646,71
15647,2
15648,41
15649,56
15650,139
15651,39
15652,45
15653,42
15654,23
15655,47
15656,1
15657,5
15658,5
15659,139
15660,60
15661,56
15662,44
15663,163
15664,3
15665,5
15666,68
15667,38
15668,18
15669,54
15670,27
15671,86
15672,1
15673,5
15674,21
15675,56
15676,5
15677,26
15678,0
15679,91
15680,45
15681,27
15682,2
15683,17
15684,182
15685,36
15686,2
15687,127
15688,56
15689,1
15690,20
15691,44
15692,128
15693,34
15694,182
15695,2
15696,42
15697,116
15698,45
15699,94
15700,1
15701,51
15702,1
15703,111
15704,69
15705,54
15706,17
15707,79
15708,1
15709,34
15710,2
15711,121
15712,34
15713,45
15714,104
15715,45
15716,113
15717,0
15718,45
15719,233
15720,33
15721,68
15722,127
15723,28
15724,163
15725,51
15726,81
15727,51
15728,1
15729,79
15730,5
15731,48
15732,5
15733,34
15734,18
15735,10
15736,24
15737,34
15738,110
15739,0
15740,85
15741,64
15742,96
15743,20
15744,5
15745,42
15746,45
15747,85
15748,21
15749,163
15750,23
15751,23
15752,4
15753,18
15754,21
15755,1
15756,115
15757,5
15758,10
15759,40
15760,1
15761,68
15762,5
15763,47
15764,68
15765,68
15766,21
15767,0
15768,38
15769,17
15770,6
15771,79
15772,35
15773,5
15774,17
15775,0
15776,57
15777,25
15778,126
15779,85
15780,1
15781,18
15782,143
15783,42
15784,17
15785,0
15786,139
15787,17
15788,17
15789,108
15790,17
15791,116
15792,142
15793,24
15794,0
15795,5
15796,60
15797,6
15798,68
15799,112
15800,139
15801,137
15802,20
15803,6
15804,127
15805,20
15806,57
15807,0
15808,13
15809,2
15810,41
15811,1
15812,42
15813,95
15814,45
15815,95
15816,0
15817,56
15818,56
15819,78
15820,34
15821,1
15822,5
15823,35
15824,64
15825,45
15826,55
15827,3
15828,11
15829,22
15830,24
15831,0
15832,96
15833,45
15834,68
15835,23
15836,114
15837,126
15838,5
15839,6
15840,12
15841,1
15842,79
15843,125
15844,6
15845,68
15846,73
15847,17
15848,24
15849,0
15850,27
15851,50
15852,38
15853,1
15854,79
15855,221
15856,6
15857,50
15858,56
15859,68
15860,17
15861,44
15862,17
15863,61
15864,181
15865,93
15866,3
15867,1
15868,3
15869,1
15870,17
15871,24
15872,91
15873,56
15874,60
15875,5
15876,62
15877,0
15878,3
15879,68
15880,183
15881,164
15882,79
15883,43
15884,5
15885,142
15886,102
15887,3
15888,10
15889,34
15890,18
15891,13
15892,48
15893,11
15894,111
15895,71
15896,0
15897,5
15898,2
15899,17
15900,17
15901,56
15902,57
15903,1
15904,17
15905,1
15906,0
15907,6
15908,45
15909,164
15910,69
15911,24
15912,13
15913,50
15914,0
15915,0
15916,68
15917,17
15918,28
15919,6
15920,51
15921,110
15922,0
15923,45
15924,5
15925,206
15926,5
15927,5
15928,1
15929,18
15930,111
15931,68
15932,3
15933,68
15934,28
15935,64
15936,1
15937,12
15938,1
15939,105
15940,71
15941,14
15942,44
15943,113
15944,53
15945,114
15946,6
15947,54
15948,1
15949,112
15950,68
15951,86
15952,6
15953,26
15954,41
15955,139
15956,3
15957,79
15958,43
15959,116
15960,10
15961,12
15962,68
15963,6
15964,61
15965,22
15966,0
15967,16
15968,54
15969,18
15970,60
15971,0
15972,44
15973,42
15974,56
15975,1
15976,90
15977,0
15978,18
15979,20
15980,10
15981,17
15982,85
15983,6
15984,27
15985,3
15986,168
15987,0
15988,3
15989,23
15990,61
15991,0
15992,4
15993,0
15994,102
15995,60
15996,0
15997,5
15998,17
15999,9
16000,10
16001,2
16002,23
16003,33
16004,10
16005,27
16006,45
16007,1
16008,0
16009,8
16010,60
16011,5
16012,5
16013,0
16014,45
16015,9
16016,44
16017,5
16018,116
16019,126
16020,11
16021,0
16022,45
16023,137
16024,45
16025,91
16026,27
16027,1
16028,111
16029,39
16030,110
16031,79
16032,5
16033,79
16034,39
16035,66
16036,85
16037,68
16038,71
16039,68
16040,71
16041,42
16042,6
16043,5
16044,164
16045,5
16046,1
16047,18
16048,71
16049,1
16050,30
16051,124
16052,17
16053,5
16054,5
16055,0
16056,20
16057,164
16058,2
16059,6
16060,40
16061,5
16062,42
16063,6
16064,2
16065,24
16066,1
16067,34
16068,6
16069,94
16070,24
16071,55
16072,84
16073,11
16074,45
16075,17
16076,2
16077,20
16078,127
16079,71
16080,21
16081,137
16082,34
16083,34
16084,68
16085,54
16086,51
16087,84
16088,163
16089,79
16090,56
16091,22
16092,42
16093,14
16094,56
16095,186
16096,41
16097,12
16098,117
16099,0
16100,84
16101,6
16102,1
16103,90
16104,57
16105,0
16106,69
16107,45
16108,223
16109,42
16110,0
16111,11
16112,141
16113,0
16114,11
16115,39
16116,3
16117,104
16118,5
16119,89
16120,38
16121,0
16122,1
16123,66
16124,5
16125,45
16126,5
16127,79
16128,1
16129,45
16130,3
16131,1
16132,66
16133,56
16134,96
16135,114
16136,45
16137,64
16138,5
16139,9
16140,20
16141,5
16142,122
16143,0
16144,126
16145,45
16146,45
16147,102
16148,18
16149,44
16150,104
16151,57
16152,6
16153,84
16154,6
16155,17
16156,20
16157,45
16158,113
16159,89
16160,79
16161,45
16162,3
16163,0
16164,5
16165,10
16166,141
16167,57
16168,83
16169,17
16170,5
16171,45
16172,68
16173,17
16174,69
16175,50
16176,17
16177,81
16178,68
16179,33
16180,5
16181,20
16182,27
16183,18
16184,1
16185,21
16186,0
16187,72
16188,81
16189,15
16190,6
16191,77
16192,3
16193,59
16194,9
16195,44
16196,56
16197,45
16198,18
16199,20
16200,199
16201,40
16202,111
16203,14
16204,96
16205,0
16206,44
16207,68
16208,13
16209,60
16210,6
16211,57
16212,50
16213,56
16214,43
16215,5
16216,0
16217,5
16218,56
16219,40
16220,20
16221,0
16222,10
16223,17
16224,68
16225,117
16226,5
16227,10
16228,68
16229,45
16230,1
16231,0
16232,1
16233,3
16234,43
16235,2
16236,104
16237,121
16238,0
16239,5
16240,9
16241,66
16242,1
16243,124
16244,24
16245,71
16246,1
16247,45
16248,24
16249,6
16250,68
16251,50
16252,113
16253,56
16254,17
16255,42
16256,24
16257,33
16258,5
16259,116
16260,110
16261,45
16262,0
16263,1
16264,14
16265,168
16266,0
16267,179
16268,56
16269,56
16270,143
16271,44
16272,57
16273,38
16274,135
16275,102
16276,25
16277,38
16278,45
16279,34
16280,0
16281,56
16282,102
16283,4
16284,45
16285,79
16286,68
16287,38
16288,0
16289,24
16290,4
16291,22
16292,116
16293,44
16294,198
16295,17
16296,45
16297,57
16298,1
16299,69
16300,31
16301,113
16302,0
16303,5
16304,5
16305,30
16306,2
16307,42
16308,0
16309,142
16310,40
16311,137
16312,0
16313,35
16314,1
16315,0
16316,4
16317,229
16318,3
16319,164
16320,45
16321,1
16322,200
16323,17
16324,3
16325,6
16326,45
16327,139
16328,66
16329,57
16330,40
16331,66
16332,168
16333,2
16334,113
16335,5
16336,1
16337,79
16338,44
16339,24
16340,102
16341,126
16342,71
16343,17
16344,35
16345,36
16346,57
16347,17
16348,86
16349,96
16350,38
16351,57
16352,1
16353,1
16354,38
16355,24
16356,57
16357,1
16358,0
16359,3
16360,0
16361,20
16362,1
16363,5
16364,5
16365,36
16366,44
16367,0
16368,110
16369,71
16370,12
16371,68
16372,0
16373,1
16374,10
16375,17
16376,5
16377,42
16378,17
16379,4
16380,17
16381,90
16382,209
16383,1
16384,5
16385,45
16386,128
16387,104
16388,68
16389,206
16390,0
16391,0
16392,115
16393,5
16394,45
16395,56
16396,61
16397,1
16398,69
16399,50
16400,0
16401,1
16402,68
16403,81
16404,206
16405,69
16406,142
16407,20
16408,45
16409,24
16410,57
16411,1
16412,26
16413,12
16414,68
16415,5
16416,0
16417,5
16418,43
16419,45
16420,54
16421,37
16422,81
16423,45
16424,56
16425,71
16426,68
16427,69
16428,18
16429,0
16430,43
16431,86
16432,6
16433,20
16434,1
16435,45
16436,200
16437,164
16438,84
16439,36
16440,116
16441,57
16442,17
16443,17
16444,173
16445,211
16446,11
16447,31
16448,147
16449,50
16450,1
16451,6
16452,5
16453,116
16454,49
16455,57
16456,78
16457,57
16458,79
16459,44
16460,5
16461,0
16462,38
16463,71
16464,25
16465,1
16466,2
16467,0
16468,5
16469,49
16470,83
16471,85
16472,0
16473,0
16474,25
16475,6
16476,14
16477,0
16478,96
16479,0
16480,20
16481,44
16482,6
16483,44
16484,95
16485,163
16486,96
16487,79
16488,0
16489,79
16490,0
16491,197
16492,45
16493,2
16494,55
16495,5
16496,81
16497,6
16498,10
16499,34
16500,45
16501,0
16502,71
16503,8
16504,5
16505,0
16506,11
16507,0
16508,13
16509,27
16510,2
16511,3
16512,102
16513,77
16514,8
16515,71
16516,56
16517,68
16518,24
16519,102
16520,5
16521,0
16522,22
16523,1
16524,154
16525,182
16526,219
16527,45
16528,68
16529,5
16530,57
16531,1
16532,81
16533,59
16534,1
16535,2
16536,162
16537,156
16538,34
16539,2
16540,56
16541,51
16542,22
16543,56
16544,43
16545,27
16546,10
16547,42
16548,45
16549,68
16550,35
16551,5
16552,5
16553,13
16554,0
16555,1
16556,1
16557,5
16558,8
16559,39
16560,57
16561,50
16562,56
16563,23
16564,0
16565,5
16566,206
16567,173
16568,25
16569,36
16570,50
16571,44
16572,90
16573,17
16574,49
16575,3
16576,1
16577,42
16578,45
16579,0
16580,5
16581,43
16582,114
16583,5
16584,111
16585,44
16586,11
16587,24
16588,24
16589,206
16590,119
16591,69
16592,39
16593,38
16594,56
16595,166
16596,5
16597,25
16598,34
16599,89
16600,6
16601,0
16602,68
16603,110
16604,44
16605,40
16606,78
16607,10
16608,50
16609,17
16610,68
16611,27
16612,68
16613,5
16614,56
16615,40
16616,23
16617,27
16618,164
16619,143
16620,6
16621,56
16622,30
16623,11
16624,5
16625,54
16626,11
16627,5
16628,5
16629,45
16630,42
16631,89
16632,51
16633,68
16634,44
16635,81
16636,24
16637,36
16638,45
16639,42
16640,64
16641,5
16642,102
16643,71
16644,55
16645,44
16646,18
16647,40
16648,54
16649,24
16650,3
16651,15
16652,27
16653,54
16654,168
16655,68
16656,79
16657,214
16658,163
16659,6
16660,220
16661,200
16662,57
16663,33
16664,0
16665,68
16666,17
16667,1
16668,68
16669,5
16670,5
16671,6
16672,11
16673,84
16674,68
16675,71
16676,13
16677,17
16678,45
16679,143
16680,196
16681,6
16682,5
16683,1
16684,90
16685,102
16686,155
16687,1
16688,17
16689,0
16690,5
16691,45
16692,3
16693,0
16694,163
16695,18
16696,68
16697,1
16698,27
16699,0
16700,10
16701,68
16702,0
16703,5
16704,6
16705,0
16706,6
16707,40
16708,85
16709,164
16710,5
16711,64
16712,1
16713,112
16714,57
16715,24
16716,79
16717,155
16718,56
16719,36
16720,5
16721,17
16722,68
16723,45
16724,57
16725,38
16726,90
16727,10
16728,25
16729,34
16730,56
16731,60
16732,126
16733,39
16734,6
16735,45
16736,28
16737,71
16738,6
16739,9
16740,102
16741,56
16742,3
16743,85
16744,116
16745,39
16746,17
16747,44
16748,68
16749,200
16750,49
16751,5
16752,64
16753,57
16754,17
16755,85
16756,23
16757,111
16758,42
16759,108
16760,68
16761,55
16762,40
16763,84
16764,22
16765,3
16766,3
16767,51
16768,5
16769,1
16770,11
16771,85
16772,24
16773,11
16774,126
16775,81
16776,102
16777,72
16778,141
16779,20
16780,56
16781,81
16782,9
16783,69
16784,6
16785,5
16786,56
16787,218
16788,0
16789,3
16790,24
16791,6
16792,9
16793,10
16794,45
16795,11
16796,2
16797,10
16798,56
16799,0
16800,104
16801,2
16802,56
16803,25
16804,27
16805,147
16806,56
16807,5
16808,71
16809,171
16810,85
16811,17
16812,40
16813,8
16814,25
16815,39
16816,27
16817,57
16818,61
16819,90
16820,198
16821,44
16822,0
16823,11
16824,56
16825,0
16826,44
16827,68
16828,113
16829,113
16830,21
16831,79
16832,0
16833,79
16834,168
16835,42
16836,26
16837,79
16838,28
16839,17
16840,68
16841,102
16842,3
16843,51
16844,66
16845,24
16846,131
16847,21
16848,79
16849,95
16850,39
16851,6
16852,42
16853,1
16854,1
16855,8
16856,62
16857,28
16858,5
16859,0
16860,84
16861,34
16862,55
16863,1
16864,128
16865,27
16866,68
16867,212
16868,19
16869,3
16870,54
16871,0
16872,62
16873,0
16874,79
16875,0
16876,0
16877,13
16878,18
16879,53
16880,0
16881,85
16882,68
16883,122
16884,8
16885,1
16886,44
16887,6
16888,113
16889,45
16890,17
16891,57
16892,66
16893,102
16894,0
16895,168
16896,86
16897,66
16898,182
16899,90
16900,6
16901,1
16902,45
16903,98
16904,79
16905,163
16906,23
16907,150
16908,163
16909,207
16910,96
16911,68
16912,68
16913,33
16914,209
16915,1
16916,7
16917,111
16918,17
16919,85
16920,45
16921,33
16922,5
16923,51
16924,95
16925,51
16926,39
16927,116
16928,57
16929,104
16930,68
16931,22
16932,83
16933,21
16934,5
16935,25
16936,238
16937,24
16938,3
16939,1
16940,57
16941,57
16942,61
16943,2
16944,5
16945,56
16946,12
16947,25
16948,56
16949,24
16950,23
16951,2
16952,0
16953,57
16954,0
16955,0
16956,1
16957,5
16958,34
16959,56
16960,90
16961,1
16962,1
16963,68
16964,56
16965,102
16966,209
16967,5
16968,10
16969,12
16970,18
16971,11
16972,79
16973,56
16974,21
16975,56
16976,12
16977,5
16978,56
16979,9
16980,96
16981,56
16982,5
16983,6
16984,1
16985,28
16986,1
16987,45
16988,57
16989,45
16990,25
16991,42
16992,5
16993,17
16994,79
16995,60
16996,57
16997,206
16998,206
16999,73
17000,68
